user_id,time
1,1559854566
2,1559854567
3,1559854568
4,1559854569
5,1559854570
6,1559854571
7,1559854572
8,1559854573
9,1559854574
10,1559854575
11,1559854576
12,1559854577
13,1559854578
14,1559854579
15,1559854580
16,1559854581
17,1559854582
18,1559854583
19,1559854584
20,1559854585
21,1559854586
22,1559854587
23,1559854588
24,1559854589
25,1559854590
26,1559854591
27,1559854592
28,1559854593
29,1559854594
30,1559854595
31,1559854596
32,1559854597
33,1559854598
34,1559854599
35,1559854600
36,1559854601
37,1559854602
38,1559854603
39,1559854604
40,1559854605
41,1559854606
42,1559854607
43,1559854608
44,1559854609
45,1559854610
46,1559854611
47,1559854612
48,1559854613
49,1559854614
50,1559854615
51,1559854616
52,1559854617
53,1559854618
54,1559854619
55,1559854620
56,1559854621
57,1559854622
58,1559854623
59,1559854624
60,1559854625
61,1559854626
62,1559854627
63,1559854628
64,1559854629
65,1559854630
66,1559854631
67,1559854632
68,1559854633
69,1559854634
70,1559854635
71,1559854636
72,1559854637
73,1559854638
74,1559854639
75,1559854640
76,1559854641
77,1559854642
78,1559854643
79,1559854644
80,1559854645
81,1559854646
82,1559854647
83,1559854648
84,1559854649
85,1559854650
86,1559854651
87,1559854652
88,1559854653
89,1559854654
90,1559854655
91,1559854656
92,1559854657
93,1559854658
94,1559854659
95,1559854660
96,1559854661
97,1559854662
98,1559854663
99,1559854664
100,1559854665
101,1559854666
102,1559854667
103,1559854668
104,1559854669
105,1559854670
106,1559854671
107,1559854672
108,1559854673
109,1559854674
110,1559854675
111,1559854676
112,1559854677
113,1559854678
114,1559854679
115,1559854680
116,1559854681
117,1559854682
118,1559854683
119,1559854684
120,1559854685
121,1559854686
122,1559854687
123,1559854688
124,1559854689
125,1559854690
126,1559854691
127,1559854692
128,1559854693
129,1559854694
130,1559854695
131,1559854696
132,1559854697
133,1559854698
134,1559854699
135,1559854700
136,1559854701
137,1559854702
138,1559854703
139,1559854704
140,1559854705
141,1559854706
142,1559854707
143,1559854708
144,1559854709
145,1559854710
146,1559854711
147,1559854712
148,1559854713
149,1559854714
150,1559854715
151,1559854716
152,1559854717
153,1559854718
154,1559854719
155,1559854720
156,1559854721
157,1559854722
158,1559854723
159,1559854724
160,1559854725
161,1559854726
162,1559854727
163,1559854728
164,1559854729
165,1559854730
166,1559854731
167,1559854732
168,1559854733
169,1559854734
170,1559854735
171,1559854736
172,1559854737
173,1559854738
174,1559854739
175,1559854740
176,1559854741
177,1559854742
178,1559854743
179,1559854744
180,1559854745
181,1559854746
182,1559854747
183,1559854748
184,1559854749
185,1559854750
186,1559854751
187,1559854752
188,1559854753
189,1559854754
190,1559854755
191,1559854756
192,1559854757
193,1559854758
194,1559854759
195,1559854760
196,1559854761
197,1559854762
198,1559854763
199,1559854764
200,1559854765
201,1559854766
202,1559854767
203,1559854768
204,1559854769
205,1559854770
206,1559854771
207,1559854772
208,1559854773
209,1559854774
210,1559854775
211,1559854776
212,1559854777
213,1559854778
214,1559854779
215,1559854780
216,1559854781
217,1559854782
218,1559854783
219,1559854784
220,1559854785
221,1559854786
222,1559854787
223,1559854788
224,1559854789
225,1559854790
226,1559854791
227,1559854792
228,1559854793
229,1559854794
230,1559854795
231,1559854796
232,1559854797
233,1559854798
234,1559854799
235,1559854800
236,1559854801
237,1559854802
238,1559854803
239,1559854804
240,1559854805
241,1559854806
242,1559854807
243,1559854808
244,1559854809
245,1559854810
246,1559854811
247,1559854812
248,1559854813
249,1559854814
250,1559854815
251,1559854816
252,1559854817
253,1559854818
254,1559854819
255,1559854820
256,1559854821
257,1559854822
258,1559854823
259,1559854824
260,1559854825
261,1559854826
262,1559854827
263,1559854828
264,1559854829
265,1559854830
266,1559854831
267,1559854832
268,1559854833
269,1559854834
270,1559854835
271,1559854836
272,1559854837
273,1559854838
274,1559854839
275,1559854840
276,1559854841
277,1559854842
278,1559854843
279,1559854844
280,1559854845
281,1559854846
282,1559854847
283,1559854848
284,1559854849
285,1559854850
286,1559854851
287,1559854852
288,1559854853
289,1559854854
290,1559854855
291,1559854856
292,1559854857
293,1559854858
294,1559854859
295,1559854860
296,1559854861
297,1559854862
298,1559854863
299,1559854864
300,1559854865
301,1559854866
302,1559854867
303,1559854868
304,1559854869
305,1559854870
306,1559854871
307,1559854872
308,1559854873
309,1559854874
310,1559854875
311,1559854876
312,1559854877
313,1559854878
314,1559854879
315,1559854880
316,1559854881
317,1559854882
318,1559854883
319,1559854884
320,1559854885
321,1559854886
322,1559854887
323,1559854888
324,1559854889
325,1559854890
326,1559854891
327,1559854892
328,1559854893
329,1559854894
330,1559854895
331,1559854896
332,1559854897
333,1559854898
334,1559854899
335,1559854900
336,1559854901
337,1559854902
338,1559854903
339,1559854904
340,1559854905
341,1559854906
342,1559854907
343,1559854908
344,1559854909
345,1559854910
346,1559854911
347,1559854912
348,1559854913
349,1559854914
350,1559854915
351,1559854916
352,1559854917
353,1559854918
354,1559854919
355,1559854920
356,1559854921
357,1559854922
358,1559854923
359,1559854924
360,1559854925
361,1559854926
362,1559854927
363,1559854928
364,1559854929
365,1559854930
366,1559854931
367,1559854932
368,1559854933
369,1559854934
370,1559854935
371,1559854936
372,1559854937
373,1559854938
374,1559854939
375,1559854940
376,1559854941
377,1559854942
378,1559854943
379,1559854944
380,1559854945
381,1559854946
382,1559854947
383,1559854948
384,1559854949
385,1559854950
386,1559854951
387,1559854952
388,1559854953
389,1559854954
390,1559854955
391,1559854956
392,1559854957
393,1559854958
394,1559854959
395,1559854960
396,1559854961
397,1559854962
398,1559854963
399,1559854964
400,1559854965
401,1559854966
402,1559854967
403,1559854968
404,1559854969
405,1559854970
406,1559854971
407,1559854972
408,1559854973
409,1559854974
410,1559854975
411,1559854976
412,1559854977
413,1559854978
414,1559854979
415,1559854980
416,1559854981
417,1559854982
418,1559854983
419,1559854984
420,1559854985
421,1559854986
422,1559854987
423,1559854988
424,1559854989
425,1559854990
426,1559854991
427,1559854992
428,1559854993
429,1559854994
430,1559854995
431,1559854996
432,1559854997
433,1559854998
434,1559854999
435,1559855000
436,1559855001
437,1559855002
438,1559855003
439,1559855004
440,1559855005
441,1559855006
442,1559855007
443,1559855008
444,1559855009
445,1559855010
446,1559855011
447,1559855012
448,1559855013
449,1559855014
450,1559855015
451,1559855016
452,1559855017
453,1559855018
454,1559855019
455,1559855020
456,1559855021
457,1559855022
458,1559855023
459,1559855024
460,1559855025
461,1559855026
462,1559855027
463,1559855028
464,1559855029
465,1559855030
466,1559855031
467,1559855032
468,1559855033
469,1559855034
470,1559855035
471,1559855036
472,1559855037
473,1559855038
474,1559855039
475,1559855040
476,1559855041
477,1559855042
478,1559855043
479,1559855044
480,1559855045
481,1559855046
482,1559855047
483,1559855048
484,1559855049
485,1559855050
486,1559855051
487,1559855052
488,1559855053
489,1559855054
490,1559855055
491,1559855056
492,1559855057
493,1559855058
494,1559855059
495,1559855060
496,1559855061
497,1559855062
498,1559855063
499,1559855064
500,1559855065
501,1559855066
502,1559855067
503,1559855068
504,1559855069
505,1559855070
506,1559855071
507,1559855072
508,1559855073
509,1559855074
510,1559855075
511,1559855076
512,1559855077
513,1559855078
514,1559855079
515,1559855080
516,1559855081
517,1559855082
518,1559855083
519,1559855084
520,1559855085
521,1559855086
522,1559855087
523,1559855088
524,1559855089
525,1559855090
526,1559855091
527,1559855092
528,1559855093
529,1559855094
530,1559855095
531,1559855096
532,1559855097
533,1559855098
534,1559855099
535,1559855100
536,1559855101
537,1559855102
538,1559855103
539,1559855104
540,1559855105
541,1559855106
542,1559855107
543,1559855108
544,1559855109
545,1559855110
546,1559855111
547,1559855112
548,1559855113
549,1559855114
550,1559855115
551,1559855116
552,1559855117
553,1559855118
554,1559855119
555,1559855120
556,1559855121
557,1559855122
558,1559855123
559,1559855124
560,1559855125
561,1559855126
562,1559855127
563,1559855128
564,1559855129
565,1559855130
566,1559855131
567,1559855132
568,1559855133
569,1559855134
570,1559855135
571,1559855136
572,1559855137
573,1559855138
574,1559855139
575,1559855140
576,1559855141
577,1559855142
578,1559855143
579,1559855144
580,1559855145
581,1559855146
582,1559855147
583,1559855148
584,1559855149
585,1559855150
586,1559855151
587,1559855152
588,1559855153
589,1559855154
590,1559855155
591,1559855156
592,1559855157
593,1559855158
594,1559855159
595,1559855160
596,1559855161
597,1559855162
598,1559855163
599,1559855164
600,1559855165
601,1559855166
602,1559855167
603,1559855168
604,1559855169
605,1559855170
606,1559855171
607,1559855172
608,1559855173
609,1559855174
610,1559855175
611,1559855176
612,1559855177
613,1559855178
614,1559855179
615,1559855180
616,1559855181
617,1559855182
618,1559855183
619,1559855184
620,1559855185
621,1559855186
622,1559855187
623,1559855188
624,1559855189
625,1559855190
626,1559855191
627,1559855192
628,1559855193
629,1559855194
630,1559855195
631,1559855196
632,1559855197
633,1559855198
634,1559855199
635,1559855200
636,1559855201
637,1559855202
638,1559855203
639,1559855204
640,1559855205
641,1559855206
642,1559855207
643,1559855208
644,1559855209
645,1559855210
646,1559855211
647,1559855212
648,1559855213
649,1559855214
650,1559855215
651,1559855216
652,1559855217
653,1559855218
654,1559855219
655,1559855220
656,1559855221
657,1559855222
658,1559855223
659,1559855224
660,1559855225
661,1559855226
662,1559855227
663,1559855228
664,1559855229
665,1559855230
666,1559855231
667,1559855232
668,1559855233
669,1559855234
670,1559855235
671,1559855236
672,1559855237
673,1559855238
674,1559855239
675,1559855240
676,1559855241
677,1559855242
678,1559855243
679,1559855244
680,1559855245
681,1559855246
682,1559855247
683,1559855248
684,1559855249
685,1559855250
686,1559855251
687,1559855252
688,1559855253
689,1559855254
690,1559855255
691,1559855256
692,1559855257
693,1559855258
694,1559855259
695,1559855260
696,1559855261
697,1559855262
698,1559855263
699,1559855264
700,1559855265
701,1559855266
702,1559855267
703,1559855268
704,1559855269
705,1559855270
706,1559855271
707,1559855272
708,1559855273
709,1559855274
710,1559855275
711,1559855276
712,1559855277
713,1559855278
714,1559855279
715,1559855280
716,1559855281
717,1559855282
718,1559855283
719,1559855284
720,1559855285
721,1559855286
722,1559855287
723,1559855288
724,1559855289
725,1559855290
726,1559855291
727,1559855292
728,1559855293
729,1559855294
730,1559855295
731,1559855296
732,1559855297
733,1559855298
734,1559855299
735,1559855300
736,1559855301
737,1559855302
738,1559855303
739,1559855304
740,1559855305
741,1559855306
742,1559855307
743,1559855308
744,1559855309
745,1559855310
746,1559855311
747,1559855312
748,1559855313
749,1559855314
750,1559855315
751,1559855316
752,1559855317
753,1559855318
754,1559855319
755,1559855320
756,1559855321
757,1559855322
758,1559855323
759,1559855324
760,1559855325
761,1559855326
762,1559855327
763,1559855328
764,1559855329
765,1559855330
766,1559855331
767,1559855332
768,1559855333
769,1559855334
770,1559855335
771,1559855336
772,1559855337
773,1559855338
774,1559855339
775,1559855340
776,1559855341
777,1559855342
778,1559855343
779,1559855344
780,1559855345
781,1559855346
782,1559855347
783,1559855348
784,1559855349
785,1559855350
786,1559855351
787,1559855352
788,1559855353
789,1559855354
790,1559855355
791,1559855356
792,1559855357
793,1559855358
794,1559855359
795,1559855360
796,1559855361
797,1559855362
798,1559855363
799,1559855364
800,1559855365
801,1559855366
802,1559855367
803,1559855368
804,1559855369
805,1559855370
806,1559855371
807,1559855372
808,1559855373
809,1559855374
810,1559855375
811,1559855376
812,1559855377
813,1559855378
814,1559855379
815,1559855380
816,1559855381
817,1559855382
818,1559855383
819,1559855384
820,1559855385
821,1559855386
822,1559855387
823,1559855388
824,1559855389
825,1559855390
826,1559855391
827,1559855392
828,1559855393
829,1559855394
830,1559855395
831,1559855396
832,1559855397
833,1559855398
834,1559855399
835,1559855400
836,1559855401
837,1559855402
838,1559855403
839,1559855404
840,1559855405
841,1559855406
842,1559855407
843,1559855408
844,1559855409
845,1559855410
846,1559855411
847,1559855412
848,1559855413
849,1559855414
850,1559855415
851,1559855416
852,1559855417
853,1559855418
854,1559855419
855,1559855420
856,1559855421
857,1559855422
858,1559855423
859,1559855424
860,1559855425
861,1559855426
862,1559855427
863,1559855428
864,1559855429
865,1559855430
866,1559855431
867,1559855432
868,1559855433
869,1559855434
870,1559855435
871,1559855436
872,1559855437
873,1559855438
874,1559855439
875,1559855440
876,1559855441
877,1559855442
878,1559855443
879,1559855444
880,1559855445
881,1559855446
882,1559855447
883,1559855448
884,1559855449
885,1559855450
886,1559855451
887,1559855452
888,1559855453
889,1559855454
890,1559855455
891,1559855456
892,1559855457
893,1559855458
894,1559855459
895,1559855460
896,1559855461
897,1559855462
898,1559855463
899,1559855464
900,1559855465
901,1559855466
902,1559855467
903,1559855468
904,1559855469
905,1559855470
906,1559855471
907,1559855472
908,1559855473
909,1559855474
910,1559855475
911,1559855476
912,1559855477
913,1559855478
914,1559855479
915,1559855480
916,1559855481
917,1559855482
918,1559855483
919,1559855484
920,1559855485
921,1559855486
922,1559855487
923,1559855488
924,1559855489
925,1559855490
926,1559855491
927,1559855492
928,1559855493
929,1559855494
930,1559855495
931,1559855496
932,1559855497
933,1559855498
934,1559855499
935,1559855500
936,1559855501
937,1559855502
938,1559855503
939,1559855504
940,1559855505
941,1559855506
942,1559855507
943,1559855508
944,1559855509
945,1559855510
946,1559855511
947,1559855512
948,1559855513
949,1559855514
950,1559855515
951,1559855516
952,1559855517
953,1559855518
954,1559855519
955,1559855520
956,1559855521
957,1559855522
958,1559855523
959,1559855524
960,1559855525
961,1559855526
962,1559855527
963,1559855528
964,1559855529
965,1559855530
966,1559855531
967,1559855532
968,1559855533
969,1559855534
970,1559855535
971,1559855536
972,1559855537
973,1559855538
974,1559855539
975,1559855540
976,1559855541
977,1559855542
978,1559855543
979,1559855544
980,1559855545
981,1559855546
982,1559855547
983,1559855548
984,1559855549
985,1559855550
986,1559855551
987,1559855552
988,1559855553
989,1559855554
990,1559855555
991,1559855556
992,1559855557
993,1559855558
994,1559855559
995,1559855560
996,1559855561
997,1559855562
998,1559855563
999,1559855564
1000,1559855565
